<?xml version="1.0" encoding="UTF-8"?>
<startup>
	<connector id="server" classPath="com.mec.connector.Connector">
		<container id="context" containerType="context" classPath="com.mec.container.SimpleContext">
		 	<mapper id="mapper" classPath="com.mec.pymont.interfaces.Mapper">
		 		<protocol>HTTP/1.1</protocol>
		 	</mapper>
		 	<servletMappings>
		 		<servletMapping pattern="/PrimitiveServlet" name="PrimitiveServlet"/>
		 	</servletMappings>
			<children>
				<container id="wrapper" containerType="wrapper" classPath="com.mec.container.SimpleContext">
					<loader id="loader" classPath="com.mec.container.loaders.SimpleLoader"></loader>
					<servlet servletClass="PrimitiveServlet" name="PrimitiveServlet"></servlet>
				</container>
			</children>	
		</container>
	</connector>
</startup>