<?xml version="1.0" encoding="UTF-8"?>
<beans xmlns="http://www.springframework.org/schema/beans"
	xmlns:xsi="http://www.w3.org/2001/XMLSchema-instance"
	xmlns:context="http://www.springframework.org/schema/context"
	xmlns:aop="http://www.springframework.org/schema/aop"
	xmlns:tx="http://www.springframework.org/schema/tx"
	xsi:schemaLocation="http://www.springframework.org/schema/aop http://www.springframework.org/schema/aop/spring-aop-4.3.xsd
		http://www.springframework.org/schema/beans http://www.springframework.org/schema/beans/spring-beans-3.2.xsd
		http://www.springframework.org/schema/tx http://www.springframework.org/schema/tx/spring-tx-4.3.xsd
		http://www.springframework.org/schema/context http://www.springframework.org/schema/context/spring-context-4.3.xsd">

	<context:component-scan base-package="com">
		<context:exclude-filter type="annotation"
			expression="org.springframework.stereotype.Controller" />
        <!--不扫控制器-->
	</context:component-scan>
	<context:property-placeholder location="classpath:dbconfig.properties" />
	<bean id="pooledDataSource" class="com.mchange.v2.c3p0.ComboPooledDataSource">
		<property name="jdbcUrl" value="${jdbc.jdbcUrl}"/>
		<property name="driverClass" value="${jdbc.driverClass}"/>
		<property name="user" value="${jdbc.user}"/>
		<property name="password" value="${jdbc.password}"/>
	</bean>

	<bean id="sqlSessionFactory" class="org.mybatis.spring.SqlSessionFactoryBean">
		<property name="configLocation" value="classpath:mybatis-config.xml"/>
		<property name="dataSource" ref="pooledDataSource"/>
		<property name="mapperLocations" value="classpath:mapper/*.xml"/>
	</bean>

	<bean class="org.mybatis.spring.mapper.MapperScannerConfigurer">
		<property name="basePackage" value="com.epi.dao"/>
	</bean>
	
	<!-- 配置一个可以执行批量的sqlSession -->
	<bean id="sqlSession" class="org.mybatis.spring.SqlSessionTemplate">
		<constructor-arg name="sqlSessionFactory" ref="sqlSessionFactory"/>
		<constructor-arg name="executorType" value="BATCH"/>
	</bean>
	<bean id="transactionManager" class="org.springframework.jdbc.datasource.DataSourceTransactionManager">
		<property name="dataSource" ref="pooledDataSource"/>
	</bean>
	<aop:config>
		<!-- 切入点表达式 -->
		<aop:pointcut expression="execution(* com.epi.service..*(..))" id="txPoint"/>
		<!-- 配置事务增强 -->
		<aop:advisor advice-ref="txAdvice" pointcut-ref="txPoint"/>
	</aop:config>
	
	<tx:advice id="txAdvice" transaction-manager="transactionManager">
		<tx:attributes>
			<tx:method name="*"/>
			<tx:method name="get*" read-only="true"/>
		</tx:attributes>
	</tx:advice>

</beans>
