<?xml version="1.0" encoding="UTF-8"?>
<!DOCTYPE mapper PUBLIC "-//mybatis.org//DTD Mapper 3.0//EN" "http://mybatis.org/dtd/mybatis-3-mapper.dtd">
<mapper namespace="com.epi.dao.UserMapper">
  <resultMap id="BaseResultMap" type="com.epi.bean.User">
    <id column="user_id" jdbcType="INTEGER" property="userId" />
    <result column="user_name" jdbcType="VARCHAR" property="userName" />
    <result column="user_password" jdbcType="VARCHAR" property="userPassword" />
    <result column="user_email" jdbcType="VARCHAR" property="userEmail" />
    <result column="user_time" jdbcType="DATE" property="userTime" />
  </resultMap>

  <select id="selectByUserId" parameterType="java.lang.Integer" resultType="com.epi.bean.User">
    select * from user where user_id = #{id}
  </select>

  <select id="insertImageInfo" parameterType="com.epi.bean.Image1">
    insert into image1 (imageTime, image) values (#{imageTime},#{image})
  </select>

  <select id="insertProject" parameterType="com.epi.bean.Goods">
    insert into project values (#{id},#{goods},#{describe},#{image})
  </select>

  <select id="getImageInfo" parameterType="java.lang.String">
    select * from project where goods = #{userName}
  </select>
  <sql id="Example_Where_Clause">
    <where>
      <foreach collection="oredCriteria" item="criteria" separator="or">
        <if test="criteria.valid">
          <trim prefix="(" prefixOverrides="and" suffix=")">
            <foreach collection="criteria.criteria" item="criterion">
              <choose>
                <when test="criterion.noValue">
                  and ${criterion.condition}
                </when>
                <when test="criterion.singleValue">
                  and ${criterion.condition} #{criterion.value}
                </when>
                <when test="criterion.betweenValue">
                  and ${criterion.condition} #{criterion.value} and #{criterion.secondValue}
                </when>
                <when test="criterion.listValue">
                  and ${criterion.condition}
                  <foreach close=")" collection="criterion.value" item="listItem" open="(" separator=",">
                    #{listItem}
                  </foreach>
                </when>
              </choose>
            </foreach>
          </trim>
        </if>
      </foreach>
    </where>
  </sql>
  <sql id="Update_By_Example_Where_Clause">
    <where>
      <foreach collection="example.oredCriteria" item="criteria" separator="or">
        <if test="criteria.valid">
          <trim prefix="(" prefixOverrides="and" suffix=")">
            <foreach collection="criteria.criteria" item="criterion">
              <choose>
                <when test="criterion.noValue">
                  and ${criterion.condition}
                </when>
                <when test="criterion.singleValue">
                  and ${criterion.condition} #{criterion.value}
                </when>
                <when test="criterion.betweenValue">
                  and ${criterion.condition} #{criterion.value} and #{criterion.secondValue}
                </when>
                <when test="criterion.listValue">
                  and ${criterion.condition}
                  <foreach close=")" collection="criterion.value" item="listItem" open="(" separator=",">
                    #{listItem}
                  </foreach>
                </when>
              </choose>
            </foreach>
          </trim>
        </if>
      </foreach>
    </where>
  </sql>
  <sql id="Base_Column_List">
    user_id, user_name, user_password, user_email, user_time
  </sql>


  <select id="selectByUserName" parameterType="java.lang.String" resultType="com.epi.bean.User">
    select * from user where user_name = #{username}
  </select>


  <select id="selectByExample" parameterType="com.epi.bean.UserExample" resultMap="BaseResultMap">
    select
    <if test="distinct">
      distinct
    </if>
    <include refid="Base_Column_List" />
    from user
    <if test="_parameter != null">
      <include refid="Example_Where_Clause" />
    </if>
    <if test="orderByClause != null">
      order by ${orderByClause}
    </if>
  </select>
  <select id="selectByPrimaryKey" parameterType="java.lang.Integer" resultMap="BaseResultMap">
    select
    <include refid="Base_Column_List" />
    from user
    where user_id = #{userId,jdbcType=INTEGER}
  </select>
  <delete id="deleteByPrimaryKey" parameterType="java.lang.Integer">
    delete from user
    where user_id = #{userId,jdbcType=INTEGER}
  </delete>
  <delete id="deleteByExample" parameterType="com.epi.bean.UserExample">
    delete from user
    <if test="_parameter != null">
      <include refid="Example_Where_Clause" />
    </if>
  </delete>
  <insert id="insert" parameterType="com.epi.bean.User">
    insert into user (user_id, user_name, user_password, 
      user_email, user_time)
    values (#{userId,jdbcType=INTEGER}, #{userName,jdbcType=VARCHAR}, #{userPassword,jdbcType=VARCHAR}, 
      #{userEmail,jdbcType=VARCHAR}, #{userTime,jdbcType=DATE})
  </insert>
  <insert id="insertSelective" parameterType="com.epi.bean.User">
    insert into user
    <trim prefix="(" suffix=")" suffixOverrides=",">
      <if test="userId != null">
        user_id,
      </if>
      <if test="userName != null">
        user_name,
      </if>
      <if test="userPassword != null">
        user_password,
      </if>
      <if test="userEmail != null">
        user_email,
      </if>
      <if test="userTime != null">
        user_time,
      </if>
    </trim>
    <trim prefix="values (" suffix=")" suffixOverrides=",">
      <if test="userId != null">
        #{userId,jdbcType=INTEGER},
      </if>
      <if test="userName != null">
        #{userName,jdbcType=VARCHAR},
      </if>
      <if test="userPassword != null">
        #{userPassword,jdbcType=VARCHAR},
      </if>
      <if test="userEmail != null">
        #{userEmail,jdbcType=VARCHAR},
      </if>
      <if test="userTime != null">
        #{userTime,jdbcType=DATE},
      </if>
    </trim>
  </insert>
  <select id="countByExample" parameterType="com.epi.bean.UserExample" resultType="java.lang.Long">
    select count(*) from user
    <if test="_parameter != null">
      <include refid="Example_Where_Clause" />
    </if>
  </select>
  <update id="updateByExampleSelective" parameterType="map">
    update user
    <set>
      <if test="record.userId != null">
        user_id = #{record.userId,jdbcType=INTEGER},
      </if>
      <if test="record.userName != null">
        user_name = #{record.userName,jdbcType=VARCHAR},
      </if>
      <if test="record.userPassword != null">
        user_password = #{record.userPassword,jdbcType=VARCHAR},
      </if>
      <if test="record.userEmail != null">
        user_email = #{record.userEmail,jdbcType=VARCHAR},
      </if>
      <if test="record.userTime != null">
        user_time = #{record.userTime,jdbcType=DATE},
      </if>
    </set>
    <if test="_parameter != null">
      <include refid="Update_By_Example_Where_Clause" />
    </if>
  </update>
  <update id="updateByExample" parameterType="map">
    update user
    set user_id = #{record.userId,jdbcType=INTEGER},
      user_name = #{record.userName,jdbcType=VARCHAR},
      user_password = #{record.userPassword,jdbcType=VARCHAR},
      user_email = #{record.userEmail,jdbcType=VARCHAR},
      user_time = #{record.userTime,jdbcType=DATE}
    <if test="_parameter != null">
      <include refid="Update_By_Example_Where_Clause" />
    </if>
  </update>
  <update id="updateByPrimaryKeySelective" parameterType="com.epi.bean.User">
    update user
    <set>
      <if test="userName != null">
        user_name = #{userName,jdbcType=VARCHAR},
      </if>
      <if test="userPassword != null">
        user_password = #{userPassword,jdbcType=VARCHAR},
      </if>
      <if test="userEmail != null">
        user_email = #{userEmail,jdbcType=VARCHAR},
      </if>
      <if test="userTime != null">
        user_time = #{userTime,jdbcType=DATE},
      </if>
    </set>
    where user_id = #{userId,jdbcType=INTEGER}
  </update>
  <update id="updateByPrimaryKey" parameterType="com.epi.bean.User">
    update user
    set user_name = #{userName,jdbcType=VARCHAR},
      user_password = #{userPassword,jdbcType=VARCHAR},
      user_email = #{userEmail,jdbcType=VARCHAR},
      user_time = #{userTime,jdbcType=DATE}
    where user_id = #{userId,jdbcType=INTEGER}
  </update>
</mapper>