<?xml version="1.0" encoding="UTF-8"?>
<beans xmlns="http://www.springframework.org/schema/beans"
	xmlns:xsi="http://www.w3.org/2001/XMLSchema-instance"
	xmlns:context="http://www.springframework.org/schema/context"
	xmlns:mvc="http://www.springframework.org/schema/mvc"
	xsi:schemaLocation="http://www.springframework.org/schema/mvc http://www.springframework.org/schema/mvc/spring-mvc-4.3.xsd
		http://www.springframework.org/schema/beans http://www.springframework.org/schema/beans/spring-beans-3.2.xsd
		http://www.springframework.org/schema/context http://www.springframework.org/schema/context/spring-context-4.3.xsd
		http://www.springframework.org/schema/util http://www.springframework.org/schema/util/spring-util.xsd
   http://www.springframework.org/schema/tool http://www.springframework.org/schema/tool/spring-tool.xsd "
>

	<!--SpringMVC的配置文件，包含网站跳转逻辑的控制，配置  -->
	<context:component-scan base-package="com" use-default-filters="false">
		<!--只扫描控制器。  -->
		<context:include-filter type="annotation" expression="org.springframework.stereotype.Controller"/>
	</context:component-scan>
	
	<!--配置视图解析器，方便页面返回  -->
	<bean class="org.springframework.web.servlet.view.InternalResourceViewResolver">
		<property name="viewClass" value="org.springframework.web.servlet.view.JstlView"/>
	<property name="prefix" value="/WEB-INF/"/>
	<property name="suffix" value=".jsp"/>
</bean>
	<!-- 文件上传 -->
	<bean id="multipartResolver" class="org.springframework.web.multipart.commons.CommonsMultipartResolver">
		<!-- 设置图片上传最大尺寸 -->
		<property name="maxUploadSize">
			<!-- 5M -->
			<value>52428880</value>
		</property>
		<property name="defaultEncoding">
			<value>UTF-8</value>
		</property>
	</bean>


		<!--两个标准配置  -->
	<!-- 将springmvc不能处理的请求交给tomcat -->
	<mvc:default-servlet-handler/>
	<!-- 能支持springmvc更高级的一些功能，JSR303校验，快捷的ajax...映射动态请求 -->
	<mvc:annotation-driven/>

</beans>

